Feature,Importance
id,0.02588151133035401
cont1,0.011234676016336945
cont2,0.0435822216743943
cont3,0.012244881172146163
cont4,0.010907997128761981
cont5,0.011396414271766766
cont6,0.011848152470930377
cont7,0.05533221039973322
cont8,0.012514438784746635
cont9,0.00818699513579344
cont10,0.008377562038582422
cont11,0.01168481253877586
cont12,0.011970990739539071
cont13,0.010989013526417547
cont14,0.03429530151621776
cat1_A,0.003663989192122899
cat1_B,0.004811709249931922
cat2_A,0.0011495187837711335
cat2_B,0.0027993131321909052
cat3_A,0.0004260807095963822
cat3_B,0.0004112135217032213
cat4_A,0.000982588792856465
cat4_B,0.0012117138642630822
cat5_A,0.0009956862547243197
cat5_B,0.0013390417694814666
cat6_A,0.0011393935950182968
cat6_B,0.001287884465239128
cat7_A,0.00018031552026851526
cat7_B,0.00021790851925693736
cat8_A,0.0003824907610362932
cat8_B,0.00045599785414381533
cat9_A,0.0011021219530535705
cat9_B,0.0011223653044320867
cat10_A,0.0014993899635704177
cat10_B,0.0013965705550253063
cat11_A,0.001576318545722283
cat11_B,0.0017457561252064821
cat12_A,0.013344517793469434
cat12_B,0.021750170237353973
cat13_A,0.0014410525610766246
cat13_B,0.0013922039665532982
cat14_A,0.0004625103032126859
cat14_B,0.0004879986793437926
cat15_A,5.279878980112272e-06
cat15_B,2.0819556608734284e-06
cat16_A,0.0006163581000265584
cat16_B,0.0005704940802165524
cat17_A,0.00030693062797437656
cat17_B,0.00026710830983467143
cat18_A,0.00020041455496743157
cat18_B,0.0001957311647035536
cat19_A,0.0002787792967793164
cat19_B,0.00027144370400223326
cat20_A,7.760664040182315e-05
cat20_B,7.577409132698529e-05
cat21_A,6.198478798905458e-05
cat21_B,5.369055401303169e-05
cat22_A,5.325023446267798e-06
cat22_B,2.76155474432206e-06
cat23_A,0.0012307222428954727
cat23_B,0.0011838639021675968
cat24_A,0.0005345103115151161
cat24_B,0.00047077501259195525
cat25_A,0.0010906156590670293
cat25_B,0.0011356680055700083
cat26_A,0.0015985545508222037
cat26_B,0.0015746681534570923
cat27_A,0.0016480907037576082
cat27_B,0.001613784153339122
cat28_A,0.0006326663774116857
cat28_B,0.0005921057546088759
cat29_A,0.0005820008686640789
cat29_B,0.0004810004613131376
cat30_A,0.00032968116383736123
cat30_B,0.000332733040490224
cat31_A,0.00040276953299334795
cat31_B,0.0004129291392356806
cat32_A,0.0002547834729126193
cat32_B,0.0002562959607120778
cat33_A,0.00016929794272205315
cat33_B,0.00013566651653356304
cat34_A,0.00013681809113966868
cat34_B,0.00012866104374776482
cat35_A,0.00010274513280261036
cat35_B,0.00011473750043812583
cat36_A,0.0013763670905386147
cat36_B,0.0013066861777567664
cat37_A,0.0012337978719370718
cat37_B,0.001168005485954486
cat38_A,0.0017020050589689883
cat38_B,0.0014448665638087507
cat39_A,0.00039400194698194056
cat39_B,0.000391995772538717
cat40_A,0.0006396769662574824
cat40_B,0.0006514706307887988
cat41_A,0.0005172466982528162
cat41_B,0.0004927521528488194
cat42_A,0.0003063121395110343
cat42_B,0.00021984118797389467
cat43_A,0.0003802452592492072
cat43_B,0.0003060377146385939
cat44_A,0.00251338681965379
cat44_B,0.002308091179757517
cat45_A,0.0005460826955327514
cat45_B,0.0005021644330436213
cat46_A,0.00016303932558273045
cat46_B,0.0002530416372965461
cat47_A,0.00026126627580839724
cat47_B,0.00029658918033428406
cat48_A,5.986611823887371e-05
cat48_B,6.072733772754745e-05
cat49_A,0.0010036333191116018
cat49_B,0.0010190025912352706
cat50_A,0.0011098607919746495
cat50_B,0.001366723488129952
cat51_A,0.0003681163031530405
cat51_B,0.0003176705681411748
cat52_A,0.0010814740812674765
cat52_B,0.0011583546546685862
cat53_A,0.0035977803335889157
cat53_B,0.002814495528526284
cat54_A,0.0004046423637459779
cat54_B,0.00031832234127515647
cat55_A,4.8967979930707285e-05
cat55_B,6.961128159227075e-05
cat56_A,8.013933058645632e-05
cat56_B,6.79652433097026e-05
cat57_A,0.0323746461650155
cat57_B,0.01912696421494475
cat58_A,9.120804225089946e-05
cat58_B,0.00019619872259670854
cat59_A,0.000208853466229979
cat59_B,0.0001854736470455307
cat60_A,5.235634694034826e-05
cat60_B,6.794195315108014e-05
cat61_A,0.00012093531999387778
cat61_B,0.00013710196945454462
cat62_A,6.547357475939448e-06
cat62_B,1.3770971017877064e-05
cat63_A,3.7989842794668207e-05
cat63_B,7.965666105916151e-05
cat64_A,2.973731515923613e-05
cat64_B,1.775152478613134e-05
cat65_A,0.0003679249559566175
cat65_B,0.0003641361016638922
cat66_A,0.0005125918335711136
cat66_B,0.0004902117129832077
cat67_A,0.00029224079131428226
cat67_B,0.0002589978726369832
cat68_A,0.00011238950628736807
cat68_B,8.489505161467032e-05
cat69_A,4.531080598676655e-05
cat69_B,2.5820922318703474e-05
cat70_A,9.516015797052489e-06
cat70_B,6.2690404789860574e-06
cat71_A,0.00043933363578881697
cat71_B,0.00033641465771485734
cat72_A,0.004537767490700481
cat72_B,0.005224215590175915
cat73_A,0.0007886848521005815
cat73_B,0.0007301477407950898
cat73_C,1.282471859137105e-05
cat74_A,0.0005525710483872586
cat74_B,0.0004955267046821246
cat74_C,1.745782920220974e-05
cat75_A,0.0007526406944978075
cat75_B,0.0007705678626974005
cat75_C,7.17179312377678e-08
cat76_A,0.0009543491019834426
cat76_B,0.0009753262968105542
cat76_C,2.944340946367447e-05
cat77_A,2.1711585483357274e-05
cat77_B,0.00010297431711992638
cat77_C,0.00010793329444154139
cat77_D,4.939260253201827e-05
cat78_A,1.2066437800808457e-05
cat78_B,0.00045543043929166164
cat78_C,0.0003438564179467186
cat78_D,0.00022467336604872545
cat79_A,0.000743358575884295
cat79_B,0.0012522728983009187
cat79_C,0.0005999948361858928
cat79_D,0.03409585065093208
cat80_A,1.348050163157825e-05
cat80_B,0.2398077619739486
cat80_C,0.0008729297689574801
cat80_D,0.000712630693763306
cat81_A,2.0348990311349806e-05
cat81_B,0.0018988604143500554
cat81_C,0.0008291136877083684
cat81_D,0.020968398723385566
cat82_A,0.0010711358867545777
cat82_B,0.0015392524987959697
cat82_C,0.0005121294544170111
cat82_D,0.0011309381283078506
cat83_A,0.0014885057142140024
cat83_B,0.001884783482659045
cat83_C,0.0007544884944467128
cat83_D,0.0009655585298920937
cat84_A,0.0011179774573288495
cat84_B,0.0005369244933881765
cat84_C,0.0012809024572968794
cat84_D,0.0009227891965114273
cat85_A,1.3382685589714515e-05
cat85_B,0.0004397489478329021
cat85_C,0.00033695915092154556
cat85_D,0.0002660439577662543
cat86_A,0.00013472675671383826
cat86_B,0.00030539681696013234
cat86_C,0.00012624559355101575
cat86_D,0.0003132668264071127
cat87_A,9.784745253755556e-06
cat87_B,0.0034638133282282823
cat87_C,0.0017054436937254717
cat87_D,0.0020720854759547695
cat88_A,0.0002766226693326954
cat88_B,1.8468068129711489e-06
cat88_D,0.0002691308489373577
cat88_E,4.7365856800698855e-05
cat89_A,0.00015958616989951847
cat89_B,0.00030623843903166
cat89_C,5.9109257614863645e-05
cat89_D,1.2554773210145147e-05
cat89_E,2.5173968830067783e-07
cat89_F,0.0
cat89_G,1.2852661454193253e-08
cat89_H,0.0
cat89_I,0.0
cat90_A,0.00040564971223844103
cat90_B,0.0006395957509549264
cat90_C,0.00021069574519231996
cat90_D,1.085756274054917e-05
cat90_E,2.925246373385872e-05
cat90_F,5.711669909601321e-09
cat90_G,7.795921516040696e-08
cat91_A,0.0019872674150053066
cat91_B,0.0016491284826365305
cat91_C,0.0021084446731540734
cat91_D,0.0009266057872665744
cat91_E,0.0003204936127271972
cat91_F,7.874117439093528e-05
cat91_G,0.0008969150845871087
cat91_H,1.571411663651154e-05
cat92_A,0.0011445655399421805
cat92_B,0.0002922000190142196
cat92_C,0.00017045471564336226
cat92_D,9.950636418632932e-06
cat92_E,0.0
cat92_F,7.857929139346148e-14
cat92_G,0.0
cat92_H,0.000991804713507317
cat92_I,1.5393463795481546e-05
cat93_A,5.882501516619133e-05
cat93_B,0.00035523796158781176
cat93_C,0.0012959351241747172
cat93_D,0.0012678741574150545
cat93_E,0.00046381820856487523
cat94_A,1.0130880708134286e-05
cat94_B,0.0007211540185553043
cat94_C,0.00043983394342398774
cat94_D,0.0008765472127496713
cat94_E,3.272250108382681e-07
cat94_F,2.0500463540964477e-05
cat94_G,1.4640130046110704e-06
cat95_A,0.0002726502340455511
cat95_B,5.571911473455273e-06
cat95_C,0.0007834303795476118
cat95_D,0.00045717987555517247
cat95_E,0.0003248314415733829
cat96_A,8.055496734905203e-07
cat96_B,0.00022695817247026607
cat96_C,8.84769922896822e-07
cat96_D,0.00026701667038595434
cat96_E,0.0004890890862895875
cat96_F,9.168761942452855e-06
cat96_G,0.00026218805009322786
cat96_H,0.0
cat96_I,3.800710099709032e-09
cat97_A,0.0006823126414690349
cat97_B,7.669139455176356e-07
cat97_C,0.0009259668756867849
cat97_D,5.668616490029309e-05
cat97_E,0.0004652140123064227
cat97_F,3.74194520710346e-05
cat97_G,0.000378659253002642
cat98_A,0.00023724510657209384
cat98_B,2.579991943295649e-05
cat98_C,0.00015850978227862408
cat98_D,0.0005194641689987635
cat98_E,8.521399103699277e-05
cat99_C,0.00012986274447343232
cat99_D,0.000714961346319672
cat99_E,0.00010697139621463227
cat99_F,0.0002784250383782691
cat99_G,1.1404700733935193e-07
cat99_H,2.493076439477374e-06
cat99_I,6.522238208874218e-07
cat99_J,3.426275606528535e-05
cat99_K,0.0002027402113205632
cat99_M,8.730150571642776e-06
cat99_N,0.00016315537235320592
cat99_O,3.547959480099966e-11
cat99_P,0.00042974852301452907
cat99_R,0.00010182869335364261
cat99_S,0.00021426350173789786
cat99_T,0.0002989025642516987
cat99_U,0.0
cat100_A,0.0005764814043428456
cat100_B,0.0007649301368809515
cat100_C,0.0008071966565711488
cat100_D,0.0001578216881053802
cat100_E,2.3108857722520218e-06
cat100_F,0.0033039878292672326
cat100_G,0.0036347174142346934
cat100_H,0.0017448460033286624
cat100_I,0.0038378606398684883
cat100_J,0.0012567606698781623
cat100_K,0.0012119894969843579
cat100_L,0.0016557537864108837
cat100_M,0.0014031388060783518
cat100_N,0.0008221947653176782
cat100_O,0.0010652975792814657
cat101_A,0.0012222944073050786
cat101_B,6.055729373049062e-08
cat101_C,0.0011063031026034092
cat101_D,0.0012994653592949548
cat101_E,7.507478707136554e-06
cat101_F,0.0011447533746275647
cat101_G,0.0010831878276950022
cat101_H,5.0907420904248596e-09
cat101_I,0.0008804564446907702
cat101_J,0.001048818998320012
cat101_K,2.1411068736086546e-11
cat101_L,0.000755108927700988
cat101_M,0.0010227442482687262
cat101_N,0.0
cat101_O,0.0005546302828144156
cat101_Q,0.0010645832975243648
cat101_R,0.0001767003060291254
cat101_S,0.0001860821529372068
cat101_U,0.0
cat102_A,0.0004008858624676619
cat102_B,0.0008277574074480598
cat102_C,0.0006705110621114814
cat102_D,0.0002789977836955824
cat102_E,0.0001607409430194074
cat102_F,4.053648797165327e-05
cat102_G,2.0977215019988355e-05
cat102_H,3.4500390665619894e-08
cat102_J,1.3184516473692501e-09
cat103_A,0.0010591411258002886
cat103_B,0.0018631772157139688
cat103_C,0.0014038254631456768
cat103_D,0.0011198096481860758
cat103_E,0.0007555373589558736
cat103_F,0.0004694405888306704
cat103_G,0.00022273724192696447
cat103_H,0.00014907611740962255
cat103_I,6.973716228087456e-05
cat103_J,6.988836934536287e-05
cat103_K,2.2864155302462656e-06
cat103_L,5.36338354173697e-06
cat103_M,0.0
cat103_N,0.0
cat104_A,1.3029795412353613e-05
cat104_B,4.6905242483212706e-07
cat104_C,0.00012637128379994062
cat104_D,0.00041101915138305376
cat104_E,0.0006881406503195688
cat104_F,0.0005880808210651305
cat104_G,0.0008615377581966534
cat104_H,0.0004844159881365996
cat104_I,0.00038202958936652014
cat104_J,0.00030416519556907066
cat104_K,0.000391644334527044
cat104_L,0.00021983338411291864
cat104_M,0.0002796796580653068
cat104_N,0.00011187164608957118
cat104_O,1.4581863131497846e-05
cat104_P,8.944971997830962e-06
cat104_Q,7.027029196481388e-07
cat105_A,4.158514848350436e-06
cat105_B,1.1935882587492788e-09
cat105_C,2.387997696148699e-05
cat105_D,0.0003896961151517743
cat105_E,0.001084915731612057
cat105_F,0.0014457721824571185
cat105_G,0.0010808390307558877
cat105_H,0.0008375144847038346
cat105_I,0.0006647506378276627
cat105_J,0.0005712501110016765
cat105_K,0.00018120082349370336
cat105_L,0.00015548935290291542
cat105_M,3.5812948821671577e-05
cat105_N,3.767639606364306e-05
cat105_O,2.8791646329500503e-06
cat105_P,5.315118992503951e-07
cat105_Q,8.059409478627834e-08
cat105_R,6.255637795826992e-05
cat105_S,7.577211406900621e-08
cat105_T,0.0
cat106_A,1.2610590096050568e-05
cat106_B,1.6762784086140948e-07
cat106_C,7.021782762439483e-05
cat106_D,0.0002873627833054305
cat106_E,0.0005124459208595516
cat106_F,0.0011205115790503596
cat106_G,0.001008511773725699
cat106_H,0.0008876569862869407
cat106_I,0.0005725232404363897
cat106_J,0.00041242962491189335
cat106_K,0.00019357668934357473
cat106_L,9.85865013105435e-05
cat106_M,5.191100730645519e-05
cat106_N,1.8965055150126018e-05
cat106_O,3.506485656425492e-06
cat106_P,4.408674332302846e-09
cat106_Q,0.0
cat106_R,1.815803624639814e-07
cat107_A,7.5937362191908586e-06
cat107_B,2.4371937707413494e-08
cat107_C,3.684986011701433e-06
cat107_D,0.00011598620153382672
cat107_E,0.0003710784492190266
cat107_F,0.0008595009153903059
cat107_G,0.0009088650223128261
cat107_H,0.0008876692432322245
cat107_I,0.0006561823102781332
cat107_J,0.0009187191388871368
cat107_K,0.0008909092016950299
cat107_L,0.0004325365179550305
cat107_M,0.00021936036052659595
cat107_N,7.830116761486743e-05
cat107_O,3.000974295118581e-05
cat107_P,1.8962514656555104e-05
cat107_Q,0.00010292086230942788
cat107_R,1.9034345405377607e-09
cat107_S,2.0620601759921492e-09
cat107_U,2.78408629249037e-07
cat108_A,0.0003192016057760869
cat108_B,0.0005710943569976373
cat108_C,1.5196639921869134e-05
cat108_D,0.0007142189677461587
cat108_E,0.0006328729682411961
cat108_F,9.684548778070344e-05
cat108_G,0.0001639338272681983
cat108_H,0.0002004518898421312
cat108_I,0.00017606004450077244
cat108_J,4.231520319943163e-05
cat108_K,0.0006275672619398677
cat109_A,3.2212490799062816e-06
cat109_AA,1.4652677675464155e-06
cat109_AB,0.0005941751717132059
cat109_AD,0.0
cat109_AE,1.3393208588693858e-06
cat109_AF,1.1057734958081683e-07
cat109_AG,0.0
cat109_AH,1.677592002392383e-06
cat109_AI,1.373605172049058e-07
cat109_AJ,1.7918609943969204e-06
cat109_AK,3.3254944301239977e-10
cat109_AL,5.877545962654355e-06
cat109_AM,6.777716841928312e-06
cat109_AN,6.069917854867626e-08
cat109_AO,2.7739662423482205e-09
cat109_AP,1.8086703364738405e-09
cat109_AQ,5.275008480575974e-07
cat109_AR,2.6327153049162333e-05
cat109_AS,1.883168563558847e-05
cat109_AT,1.8234978462184538e-05
cat109_AU,7.215644175489615e-07
cat109_AV,2.048520005462129e-09
cat109_AW,1.3584956731261104e-06
cat109_AX,2.3851881398753005e-06
cat109_AY,3.810065884755433e-07
cat109_B,0.0
cat109_BA,1.0753184829568283e-06
cat109_BB,5.109823199176241e-06
cat109_BC,2.002992213188437e-08
cat109_BD,2.467610959131439e-06
cat109_BE,1.0967781023925125e-06
cat109_BF,7.100968679805668e-09
cat109_BG,8.387889138637392e-10
cat109_BH,2.032581358785909e-05
cat109_BI,0.0014925479553503781
cat109_BJ,1.2711105674133069e-06
cat109_BK,2.8756774260810246e-07
cat109_BL,5.725519632368576e-06
cat109_BM,1.2237377905134168e-09
cat109_BN,3.3912009797349375e-08
cat109_BO,2.8625871120462338e-06
cat109_BP,0.0
cat109_BQ,6.781404774713732e-05
cat109_BR,3.480711735892826e-07
cat109_BS,1.772704543341925e-07
cat109_BT,3.8229922243581055e-09
cat109_BU,9.187147242405674e-05
cat109_BV,2.776818787977018e-08
cat109_BX,2.864722172223671e-06
cat109_BY,8.186136205326552e-10
cat109_C,2.630919448008566e-05
cat109_CA,6.10247507885186e-06
cat109_CB,4.448382079284064e-08
cat109_CC,1.8217209597088948e-06
cat109_CD,6.281807389547727e-06
cat109_CE,7.650816481817807e-09
cat109_CF,8.980020574221485e-09
cat109_CG,8.229369280221943e-08
cat109_CH,2.6791805770609294e-08
cat109_CI,3.5172093928087116e-06
cat109_CJ,1.489001133846736e-07
cat109_CK,5.60855895173942e-07
cat109_CL,4.102882482022324e-05
cat109_D,7.682107118239458e-06
cat109_E,4.496136959308753e-07
cat109_F,2.1525386072262418e-05
cat109_G,0.00013446151117028202
cat109_H,2.027352203498835e-06
cat109_I,3.8193070360834545e-06
cat109_J,7.302846372098133e-10
cat109_K,0.00014366743104363006
cat109_L,4.0207677930554856e-05
cat109_M,0.00011392706294496481
cat109_N,1.3086632782172826e-05
cat109_O,1.0456320902350255e-05
cat109_P,9.174504179649524e-08
cat109_Q,4.37612188696941e-06
cat109_R,2.401386162535202e-05
cat109_S,5.531549798654111e-07
cat109_T,1.2320552333571554e-06
cat109_U,1.7239938235337255e-06
cat109_V,5.64706852437692e-08
cat109_X,2.447409441213316e-05
cat109_Y,2.2109740009400255e-06
cat109_ZZ,3.3438303420297474e-10
cat110_A,0.0002543305003827898
cat110_AA,4.782409438827856e-07
cat110_AB,4.848213987159983e-06
cat110_AC,0.0005301802397097684
cat110_AD,6.310024481360941e-05
cat110_AE,2.949813300587508e-06
cat110_AF,3.2476708687734477e-10
cat110_AG,1.4197990622254865e-07
cat110_AH,1.730575550603588e-07
cat110_AI,0.0002087996341357039
cat110_AJ,2.7710870082900493e-07
cat110_AK,5.132125907320393e-05
cat110_AL,1.982249901404049e-06
cat110_AM,0.00045564052203102994
cat110_AN,1.1176872742512346e-07
cat110_AO,3.470879046746076e-07
cat110_AP,5.8939167329815e-05
cat110_AR,2.1896043567407598e-05
cat110_AS,0.0
cat110_AT,6.2630114533662595e-06
cat110_AU,5.677842390843193e-05
cat110_AV,4.2429174698253834e-07
cat110_AW,1.1861042084819223e-06
cat110_AX,1.1784537528532146e-06
cat110_AY,3.4822865804088986e-05
cat110_B,5.7932802722754615e-08
cat110_BA,3.1240117115904274e-05
cat110_BB,4.479861506373967e-07
cat110_BC,0.00022862792427053087
cat110_BD,4.239897371501729e-12
cat110_BE,8.557049840578019e-07
cat110_BF,4.219236512966884e-07
cat110_BG,1.0030791705103565e-05
cat110_BH,0.0
cat110_BI,1.7452178776798522e-09
cat110_BJ,9.250967921841867e-07
cat110_BK,0.0
cat110_BL,2.387948253106181e-07
cat110_BM,7.512106566585188e-08
cat110_BN,1.157464753136017e-09
cat110_BO,4.4622075402737406e-07
cat110_BP,0.00045619422141074677
cat110_BQ,2.4628050004810503e-07
cat110_BR,2.998180919925736e-07
cat110_BS,0.00037708109668314367
cat110_BT,0.0009389059397616843
cat110_BU,4.2806773595844856e-12
cat110_BV,2.3901300813902696e-08
cat110_BW,1.2909342325675757e-06
cat110_BX,1.2984037325061137e-06
cat110_BY,1.5694194346154035e-07
cat110_C,0.00013252251086837944
cat110_CA,0.0
cat110_CB,9.133730440767101e-10
cat110_CC,4.469121690379409e-07
cat110_CD,5.7467938775034434e-08
cat110_CF,3.705336165005703e-06
cat110_CG,1.2438766749408479e-05
cat110_CH,4.810020373577438e-05
cat110_CI,0.00039378586190735464
cat110_CJ,5.0783075712161704e-05
cat110_CK,1.95040620985747e-06
cat110_CL,0.00126713659040637
cat110_CM,0.00021366996634383234
cat110_CN,3.9521562220233676e-05
cat110_CO,0.0008695182163825832
cat110_CP,4.0306956265162905e-06
cat110_CQ,0.0005328163219777798
cat110_CR,0.00011301025424403861
cat110_CS,0.0011422682649861358
cat110_CT,1.4203228585890935e-06
cat110_CU,6.0888244481262476e-09
cat110_CV,1.9985216871025545e-06
cat110_CW,9.672688356884567e-07
cat110_CX,2.914706749414029e-08
cat110_CY,6.914115007587551e-07
cat110_D,1.5797931981595043e-06
cat110_DA,1.7819792611434917e-06
cat110_DB,3.3120327959564004e-08
cat110_DC,7.739789334950917e-06
cat110_DD,3.3490469614511253e-09
cat110_DE,2.135327937796467e-07
cat110_DF,2.3646291637712597e-06
cat110_DG,1.807027509364754e-06
cat110_DH,5.655065258213013e-05
cat110_DI,1.1524436375017397e-06
cat110_DJ,5.6917329449692134e-05
cat110_DK,0.00032764787653546756
cat110_DL,7.255500527848763e-05
cat110_DM,0.0002709135539090195
cat110_DN,8.60453817500083e-08
cat110_DO,3.6826607977044324e-07
cat110_DP,3.1214983161455236e-06
cat110_DQ,7.156395227579685e-07
cat110_DR,2.6235970434881444e-06
cat110_DS,4.4719143212345604e-06
cat110_DT,1.0197877606899022e-07
cat110_DU,4.369696585059872e-05
cat110_DV,8.200678705754156e-10
cat110_DW,0.0001834069822749985
cat110_DX,0.0005821860312211544
cat110_DY,1.650770579552318e-05
cat110_E,2.3147516840637224e-05
cat110_EA,3.0497848729897214e-05
cat110_EB,0.0009133938091815859
cat110_ED,4.998072359484039e-08
cat110_EE,0.0005693424890311096
cat110_EF,0.00036676149209228793
cat110_EG,0.0011779568035813186
cat110_EH,1.5178314720141023e-07
cat110_EI,6.942689122312865e-08
cat110_EJ,8.59511505079944e-08
cat110_EK,1.5299549793125226e-06
cat110_EL,0.0003683247019923956
cat110_EM,6.664890885338235e-05
cat110_EN,0.0
cat110_G,1.5713009419421436e-07
cat110_H,3.770882722204196e-08
cat110_I,1.769289709432743e-05
cat110_J,1.9572301018758685e-07
cat110_K,3.3765361528268644e-07
cat110_L,7.200318870692846e-07
cat110_N,2.7141836383820532e-05
cat110_O,1.8940961863023507e-06
cat110_P,9.0605121944483e-08
cat110_Q,6.372789808842385e-07
cat110_R,3.769581264116917e-07
cat110_S,0.0
cat110_T,2.2093412014948695e-05
cat110_U,3.6876685809066204e-05
cat110_V,0.000195516621901742
cat110_W,0.0002590078397772879
cat110_X,1.874647681147325e-05
cat110_Y,1.1331526326787025e-05
cat111_A,0.0009945301629360479
cat111_B,3.743773639559287e-07
cat111_C,0.0020206717272424116
cat111_D,4.640460751395303e-06
cat111_E,0.0013634456175347324
cat111_F,2.0926606107944686e-09
cat111_G,0.0009229938457182376
cat111_I,0.0007765786047755796
cat111_K,0.0006249760057126252
cat111_L,0.0
cat111_M,0.0003217642372375597
cat111_O,0.0002630964925462907
cat111_Q,6.600381542170432e-05
cat111_S,5.636452053207276e-05
cat111_U,4.945735310322145e-05
cat111_W,7.117060310977569e-07
cat111_Y,8.209303181663364e-10
cat112_A,0.00042165510911595336
cat112_AA,0.00027147094560025175
cat112_AB,0.00011065249066940352
cat112_AC,0.0001752529065205964
cat112_AD,0.0004915131811589339
cat112_AE,9.933739836669545e-05
cat112_AF,0.0008724374562616022
cat112_AG,0.00026517157009652145
cat112_AH,0.0016788152540151997
cat112_AI,0.0004994758626541152
cat112_AJ,9.529533313500312e-05
cat112_AK,0.0006810725821594639
cat112_AL,0.0003818440423750253
cat112_AM,0.00016368999483327117
cat112_AN,0.0011767590787099208
cat112_AO,0.00011201291160674532
cat112_AP,0.0004648220150999019
cat112_AQ,3.2541597848604626e-06
cat112_AR,0.0005708760303483205
cat112_AS,0.0013648580392140088
cat112_AT,0.000303186493347251
cat112_AU,0.00010118791144082019
cat112_AV,0.0008033023017056812
cat112_AW,0.00030077088508071695
cat112_AX,0.00040217421400888645
cat112_AY,0.0002451899016293641
cat112_B,6.808124654100238e-05
cat112_BA,9.346459200159165e-05
cat112_C,0.0008609108598755898
cat112_D,0.00036542201510355086
cat112_E,0.0017032316399643093
cat112_F,0.0008137289298205304
cat112_G,0.0004139108260488491
cat112_H,0.00021336739912709287
cat112_I,0.0002485401149216402
cat112_J,0.0013433474685184258
cat112_K,0.0014963570756212144
cat112_L,0.00023098419723215828
cat112_M,8.127546220794101e-05
cat112_N,0.001265213954781763
cat112_O,0.0002715347064898122
cat112_P,0.0002542016765111759
cat112_Q,0.0001886494821747708
cat112_R,0.0002121349390820542
cat112_S,0.0006575935981684854
cat112_T,5.586429070858785e-05
cat112_U,0.0010346865237488415
cat112_V,0.00015026398819000788
cat112_W,0.0001357617585146407
cat112_X,0.0003107503075270876
cat112_Y,0.0002937960948028885
cat113_A,0.00032876654334200396
cat113_AA,0.0
cat113_AB,7.975312080880315e-08
cat113_AC,0.0
cat113_AD,0.00042958843581256253
cat113_AE,0.0006132247707978421
cat113_AF,0.0004399160538699355
cat113_AG,0.0006486806287380187
cat113_AH,1.597382446581661e-05
cat113_AI,0.00012267212478366045
cat113_AJ,0.00029954622076454703
cat113_AK,0.00015540459597765944
cat113_AL,4.85231254799034e-08
cat113_AM,0.00013668047508353612
cat113_AN,0.0007029361291568867
cat113_AO,0.00019818218375185583
cat113_AP,2.679240618289975e-05
cat113_AQ,0.00010406276366591419
cat113_AR,3.337692611489933e-06
cat113_AS,0.0005812326734617539
cat113_AT,0.0007982604999099126
cat113_AU,0.00017939192426406802
cat113_AV,7.774611333902276e-05
cat113_AW,0.00025370739141070267
cat113_AX,0.0006389019092352434
cat113_AY,8.806515659876988e-06
cat113_B,3.175701697540672e-07
cat113_BA,1.7899616840893297e-06
cat113_BB,4.4885848566479685e-07
cat113_BC,0.00019734556537818522
cat113_BD,0.00027297061348290053
cat113_BE,6.832373918354395e-06
cat113_BF,6.09636721037735e-05
cat113_BG,0.00013632396352970095
cat113_BH,0.0001995546329980956
cat113_BI,1.2781263735767537e-07
cat113_BJ,0.00031417558025452057
cat113_BK,0.00016592768581408102
cat113_BL,2.7755820044764354e-08
cat113_BM,0.0009502310964562509
cat113_BN,0.0002583117728934876
cat113_BO,0.00014948716753818923
cat113_C,4.661731944831259e-05
cat113_E,3.630637216154842e-06
cat113_F,0.00061595828157223
cat113_G,4.6923315525755295e-05
cat113_H,0.0007424036893843368
cat113_I,0.0002483868977117596
cat113_J,0.000303153914402166
cat113_K,0.00024727046011479637
cat113_L,0.00034039012305852093
cat113_M,0.00030491722986539374
cat113_N,0.00011988943255092935
cat113_O,3.956909802536374e-08
cat113_P,0.0
cat113_Q,0.00025268017143713687
cat113_R,0.0
cat113_S,0.00023026222841344423
cat113_T,1.120370388103289e-08
cat113_U,0.0002722017616027941
cat113_V,3.6662869363203155e-07
cat113_X,0.0002675609407811266
cat113_Y,0.0004690379259158123
cat114_A,0.0010986706540241648
cat114_B,3.127952631915137e-07
cat114_C,0.0009835395902973245
cat114_D,2.1510638361779246e-07
cat114_E,0.0009603563890589878
cat114_F,0.0006288323138813057
cat114_G,0.0
cat114_I,0.0006397055289923226
cat114_J,0.0009141919891055835
cat114_L,0.0005097182459731775
cat114_N,0.0004784519020641263
cat114_O,0.00045325450308096246
cat114_Q,3.919624946770767e-05
cat114_R,0.000741017652606442
cat114_S,1.568940966370598e-06
cat114_U,0.0003330368450341695
cat114_V,8.262783391136433e-05
cat114_W,4.004852001296397e-09
cat114_X,0.0
cat115_A,4.884731822815534e-06
cat115_B,0.0
cat115_C,1.0351203069006857e-09
cat115_D,2.012106191090752e-08
cat115_E,4.332525482844233e-05
cat115_F,3.520756552034834e-05
cat115_G,7.075889779637419e-05
cat115_H,0.00014116723679499988
cat115_I,0.00041879787665297373
cat115_J,0.0008165616869225012
cat115_K,0.0008778136053829705
cat115_L,0.0006109844193117741
cat115_M,0.0007204280481428733
cat115_N,0.0007728755158579237
cat115_O,0.000947418762407648
cat115_P,0.0006857384561583697
cat115_Q,0.0004057180597468711
cat115_R,0.00017712342801567824
cat115_S,3.514646010867222e-05
cat115_T,5.74433218770345e-05
cat115_U,9.423486839638343e-07
cat115_W,4.0436021398302826e-08
cat115_X,1.8418978313792782e-08
cat116_A,0.0
cat116_AA,6.920454880170469e-07
cat116_AB,4.455277485824923e-12
cat116_AC,0.00019849429871905585
cat116_AD,0.0
cat116_AE,7.152587239698999e-11
cat116_AF,4.7133565121003186e-07
cat116_AG,7.391734729909076e-08
cat116_AH,8.098909229891762e-09
cat116_AI,0.0
cat116_AJ,3.470298752419051e-07
cat116_AK,2.2972330490001276e-08
cat116_AL,7.484595330964747e-08
cat116_AM,2.552807623047088e-10
cat116_AN,1.463621209297544e-14
cat116_AO,2.2203109950786664e-06
cat116_AP,0.0
cat116_AQ,0.0
cat116_AR,2.4020870285267986e-07
cat116_AS,0.0
cat116_AT,4.4431645285941224e-10
cat116_AU,8.299021036527216e-10
cat116_AV,6.62992594533186e-09
cat116_AW,1.2144174688498544e-08
cat116_AX,7.814903972188831e-07
cat116_AY,8.09965697272494e-11
cat116_B,8.233959723334254e-07
cat116_BA,1.496422935632991e-08
cat116_BB,1.0034087598165905e-08
cat116_BC,5.7728369669312783e-08
cat116_BD,1.846848903782889e-05
cat116_BE,0.0
cat116_BF,6.4666595818255e-07
cat116_BG,3.3957234721144825e-11
cat116_BH,0.0
cat116_BI,1.8625143358252862e-11
cat116_BJ,0.0
cat116_BK,2.770415619108497e-08
cat116_BL,2.579182160397705e-10
cat116_BM,9.255242772509375e-10
cat116_BN,0.0
cat116_BO,1.9005502199284875e-05
cat116_BP,7.975591291695686e-05
cat116_BQ,2.716006224232389e-06
cat116_BR,0.0
cat116_BS,1.7627756797725301e-06
cat116_BT,7.349712151193651e-07
cat116_BU,6.5053309009062704e-09
cat116_BV,0.00010775048105629695
cat116_BW,1.9541433833143577e-07
cat116_BX,7.20662592662557e-05
cat116_BY,5.4516707923765735e-05
cat116_C,5.988016771433153e-10
cat116_CA,1.2430335900611113e-05
cat116_CB,9.547850781484436e-05
cat116_CC,2.1904109027803586e-07
cat116_CD,3.783598065793906e-05
cat116_CE,2.1229475599839354e-06
cat116_CF,3.631466220712871e-05
cat116_CG,0.00013850367012810603
cat116_CH,1.080493564473603e-07
cat116_CI,5.257271784079192e-05
cat116_CJ,2.933378256911485e-09
cat116_CK,0.0002472581022629026
cat116_CL,3.2333940807023516e-08
cat116_CM,2.808172257934377e-07
cat116_CN,3.0416812995006302e-05
cat116_CO,4.926197605603394e-05
cat116_CP,4.743309940908301e-06
cat116_CQ,2.23012902743009e-05
cat116_CR,0.00029432550564357243
cat116_CS,6.6573563654313e-05
cat116_CT,1.5592488845615503e-05
cat116_CU,2.4939372710189534e-05
cat116_CV,6.378188303740644e-06
cat116_CW,0.00037462252965376585
cat116_CX,1.6584838882590352e-05
cat116_CY,8.087376927024583e-07
cat116_D,0.0
cat116_DA,2.9731922431000396e-07
cat116_DB,0.0
cat116_DC,0.00013290411039598227
cat116_DD,2.7205813512660615e-05
cat116_DE,1.0002395929405598e-06
cat116_DF,0.00023529063410163316
cat116_DG,2.5071295066812524e-05
cat116_DH,0.00017119808541312274
cat116_DI,5.385597705268415e-05
cat116_DJ,0.0006864820058895637
cat116_DK,0.00014525317063392883
cat116_DL,7.667786373770914e-06
cat116_DM,2.0066960223530446e-06
cat116_DN,1.8518998047361537e-05
cat116_DO,5.21737884766907e-09
cat116_DP,0.0005876935471176893
cat116_DQ,1.7635266836680198e-10
cat116_DR,1.3750800530562076e-05
cat116_DS,0.000174883038289125
cat116_DT,2.0319785589477724e-06
cat116_DU,0.00010558979127397765
cat116_DV,0.00016445894536630393
cat116_DW,5.568520427912807e-05
cat116_DX,4.3984525449358026e-05
cat116_DY,1.1810059292669472e-10
cat116_E,3.972108069511296e-06
cat116_EA,5.358579030818744e-05
cat116_EB,2.263576498588965e-05
cat116_EC,0.00015446912426701637
cat116_ED,8.04604733095371e-05
cat116_EE,0.000118317963220331
cat116_EF,9.272449484170338e-06
cat116_EG,2.1506769801008917e-06
cat116_EH,2.63556868543334e-06
cat116_EI,0.00016910546999884143
cat116_EJ,5.1807506842431075e-08
cat116_EK,0.00010579043852851347
cat116_EL,0.0003695799926990531
cat116_EM,0.0
cat116_EN,4.45123162994532e-05
cat116_EO,0.00020695270000104828
cat116_EP,0.00016850066903165744
cat116_EQ,7.840388170881657e-08
cat116_ER,0.0
cat116_ES,8.640859301364831e-05
cat116_ET,0.0
cat116_EU,1.454247290837668e-08
cat116_EV,3.12402427590735e-09
cat116_EW,2.9604814207760645e-08
cat116_EX,0.0
cat116_EY,6.475630622403624e-05
cat116_F,4.142273982836298e-06
cat116_FA,2.869908107176467e-05
cat116_FB,0.00019004318303509008
cat116_FC,0.00015216819906481807
cat116_FD,3.084948941233413e-05
cat116_FE,5.845177553255448e-05
cat116_FF,1.0934828032979193e-05
cat116_FG,7.190400391514615e-06
cat116_FH,0.00011616650704655994
cat116_FI,0.0
cat116_FJ,2.1430998262019118e-09
cat116_FK,6.335418616100893e-09
cat116_FL,1.2554237246215973e-08
cat116_FM,7.624543100772696e-09
cat116_FN,1.2448301787146234e-08
cat116_FO,0.0
cat116_FP,1.6768865659566246e-07
cat116_FQ,0.0
cat116_FR,5.979191048967205e-05
cat116_FS,0.0
cat116_FT,1.767764741120221e-05
cat116_FU,5.775788475658081e-08
cat116_FV,1.0163975908715404e-06
cat116_FW,9.78314166149537e-05
cat116_FX,8.034410619733581e-05
cat116_FY,0.0
cat116_G,0.0
cat116_GA,0.0001398051478059505
cat116_GB,0.00016683262522954533
cat116_GC,0.00023047086645094152
cat116_GD,6.807901919829386e-10
cat116_GE,0.00019367806558544265
cat116_GF,8.929961836810299e-07
cat116_GG,7.844291300722823e-07
cat116_GH,4.41378269989681e-07
cat116_GI,0.0003574342714864826
cat116_GJ,8.514993719325966e-05
cat116_GK,0.0002512144006092605
cat116_GL,3.265238745455411e-05
cat116_GM,1.0139183898884938e-05
cat116_GN,8.082918323386788e-05
cat116_GO,8.703922402966841e-06
cat116_GP,1.1432101468656241e-06
cat116_GQ,1.4387148928850752e-08
cat116_GR,5.702212452817422e-06
cat116_GS,0.0005653841460780487
cat116_GT,6.319112011215952e-05
cat116_GU,0.00038907102658040135
cat116_GV,7.327414423629204e-06
cat116_GW,6.73845409451556e-05
cat116_GX,0.0006177820322242251
cat116_GY,4.0288228497780847e-07
cat116_H,1.4446449715364344e-05
cat116_HA,4.30446319528035e-05
cat116_HB,0.00023956378559586962
cat116_HC,9.604590984048783e-05
cat116_HD,2.008248207860776e-06
cat116_HE,7.177198644233173e-06
cat116_HF,3.694460038128938e-05
cat116_HG,0.00044469875994474287
cat116_HH,3.103864454323363e-05
cat116_HI,1.1686881896039222e-05
cat116_HJ,0.000233618266264264
cat116_HK,0.0008257163957124861
cat116_HL,6.245022492512391e-05
cat116_HM,9.336750081868014e-05
cat116_HN,0.0005110591233164788
cat116_HO,7.598271724366611e-06
cat116_HP,6.10978873763903e-05
cat116_HQ,0.00044013868271468683
cat116_HR,1.2842013339522476e-05
cat116_HS,0.0
cat116_HT,1.0163015565057997e-05
cat116_HU,6.295755461203246e-05
cat116_HV,0.00046491674144100723
cat116_HW,2.125117997261452e-05
cat116_HX,0.00039178394038891625
cat116_HY,1.178965403618878e-05
cat116_I,2.199222503890385e-08
cat116_IA,1.4851690416042692e-05
cat116_IB,6.723612783956822e-07
cat116_IC,0.00010151863314770327
cat116_ID,0.00010219081223534263
cat116_IE,0.0004182108737958503
cat116_IF,7.272200728626027e-05
cat116_IG,0.00013792199095935675
cat116_IH,4.3437720544535636e-05
cat116_II,1.9282077923466243e-05
cat116_IJ,1.1663754901257285e-05
cat116_IK,4.075126389071437e-08
cat116_IL,1.583074414324373e-07
cat116_IM,3.9162595814594035e-05
cat116_IN,3.312939921223904e-05
cat116_IO,1.1443992497240179e-06
cat116_IP,1.5192831602792246e-07
cat116_IQ,6.880859990197968e-05
cat116_IR,1.182406969780064e-08
cat116_IS,0.0
cat116_IT,0.00012754705737585013
cat116_IU,6.905429128048117e-05
cat116_IV,2.582240891131422e-07
cat116_IW,0.0
cat116_IX,0.0
cat116_IY,3.4383469755001234e-06
cat116_J,0.0
cat116_JA,4.205552044077145e-10
cat116_JB,5.14302394173429e-09
cat116_JC,2.6604008640583925e-06
cat116_JD,1.0160042118897985e-11
cat116_JE,1.5638478755849538e-06
cat116_JF,5.66708518811188e-08
cat116_JG,1.7071270597025635e-07
cat116_JH,1.461304225883202e-09
cat116_JI,0.0
cat116_JJ,1.2238729595716713e-08
cat116_JK,0.0
cat116_JL,6.770558511061473e-07
cat116_JM,4.6935984005519395e-07
cat116_JN,1.0955452382742782e-11
cat116_JO,2.6677704230115133e-05
cat116_JP,1.8875665796800666e-08
cat116_JQ,2.413296349386662e-08
cat116_JR,0.00015687211013297754
cat116_JS,0.0
cat116_JT,0.0
cat116_JU,4.9687553817124444e-05
cat116_JV,1.1439014630394115e-06
cat116_JW,8.067854809396511e-05
cat116_JX,0.00015878171538059266
cat116_JY,2.0397200407398474e-08
cat116_K,5.207165136468149e-05
cat116_KA,0.00018327683860431092
cat116_KB,2.6936137976971914e-05
cat116_KC,0.0001490648184858189
cat116_KD,0.00016801423889771402
cat116_KE,1.2620667103418694e-06
cat116_KF,3.1017718804378604e-09
cat116_KG,3.258917165154601e-08
cat116_KH,7.28707214763062e-06
cat116_KI,2.9662905257232573e-05
cat116_KJ,1.730758564257061e-05
cat116_KK,4.5297214527335125e-08
cat116_KL,0.00024117288938128704
cat116_KM,4.1563378782204537e-07
cat116_KN,2.903335915324676e-05
cat116_KO,0.0
cat116_KP,0.00019171752839641725
cat116_KQ,4.2054336907087475e-05
cat116_KR,0.0001865718549594565
cat116_KS,3.5540454099681946e-08
cat116_KT,8.431712490761036e-05
cat116_KU,4.544607073307347e-05
cat116_KV,6.474612740307667e-07
cat116_KW,0.0002677032986788831
cat116_KX,5.912590007932726e-05
cat116_KY,2.235587711006688e-05
cat116_L,5.309868197106167e-06
cat116_LA,3.226739848514874e-07
cat116_LB,0.00022940024500398064
cat116_LC,5.99690729297921e-05
cat116_LD,0.00036999605202369464
cat116_LE,6.822149212263178e-09
cat116_LF,0.0001841826217121638
cat116_LG,9.336015592982612e-08
cat116_LH,2.8166120707466826e-07
cat116_LI,0.00018670837322354384
cat116_LJ,0.00018781597637655914
cat116_LK,3.987080013541317e-06
cat116_LL,8.417030610970695e-06
cat116_LM,0.0002077206356603659
cat116_LN,0.00026000792371692216
cat116_LO,0.0003901476236270406
cat116_LP,0.0
cat116_LQ,0.00019857901939597574
cat116_LR,0.00011411374348847465
cat116_LS,0.0
cat116_LT,0.00013068597602015707
cat116_LU,8.573154591806147e-09
cat116_LV,0.00018709079156576684
cat116_LW,0.00025298557157838115
cat116_LX,0.0001844750366325568
cat116_LY,0.00010604272077088235
cat116_M,2.3956048952552153e-06
cat116_MA,0.00010963226011931751
cat116_MB,6.704120913732954e-07
cat116_MC,1.0742782808798973e-05
cat116_MD,0.000230157397737479
cat116_ME,1.4651131982193216e-05
cat116_MF,3.306217287985497e-10
cat116_MG,7.875034992680677e-05
cat116_MH,0.0
cat116_MI,4.33547244532539e-05
cat116_MJ,0.00010209517950505048
cat116_MK,1.503462969409774e-05
cat116_ML,5.918194256228345e-07
cat116_MM,2.2634876072548007e-06
cat116_MN,1.9580043769363021e-07
cat116_MO,7.583610743366746e-07
cat116_MP,1.829940554637345e-06
cat116_MQ,2.9455773193543616e-05
cat116_MR,9.856214086093839e-05
cat116_MS,0.0
cat116_MT,7.733031177623974e-10
cat116_MU,1.0101217938558298e-05
cat116_MV,1.0944921284737003e-07
cat116_MW,1.2883313663078898e-06
cat116_MX,0.0
cat116_N,0.0
cat116_O,3.545397946869859e-07
cat116_P,1.9561047874679852e-05
cat116_Q,9.480865872718195e-05
cat116_R,6.902622022765266e-06
cat116_S,2.6159068189924637e-07
cat116_T,3.5142014261914174e-07
cat116_U,4.061159171943924e-05
cat116_V,1.278850471356201e-09
cat116_X,0.0
cat116_Y,2.2198193840293932e-06
